CG (DOSSIER NON REFERENCE),CG,CORRESPONDANCES DIVERSES DNR
CG (DOSSIER NON REFERENCE),CG,COURRIER ADHERENT DNR
CG / SISIN,ACTES,CR DE REUNION
CG / SISIN,CORRESPONDANCE,CORRESPONDANCES DIVERSES SS
CG / SISIN,PROCEDURE-CG,AR LETTRE DE MISSION
CG / SISIN,PROCEDURE-CG,CONSULTATION D'AVOCAT
CG / SISIN,PROCEDURE-CG,PROCEDURE
COMPTABILITE,COMPTA-HONO,AVIS DE RECETTE (FRANCHISE)
COMPTABILITE,COMPTA-HONO,AVIS DE RECETTES
COMPTABILITE,COMPTA-HONO,NOTE D'HONORAIRES
COMPTABILITE,COMPTA-HONO,NOTE D'HONORAIRES EXPERT
CONTRAT AMI,CONTRATS,CONDITIONS PARTICULIERES
CONTRAT CACG,CONTRATS,ATTESTATION RCD
CONTRAT CACG,CONTRATS,ATTESTATION RCD PORTEE GEN.
CONTRAT CACG,CONTRATS,CONDITIONS PARTICULIERES
CONTRAT CACG,CONTRATS,CONVENTION SPECIALE DO
CONTRAT CACG,CONTRATS,CONVENTION SPECIALE TRC
CONTRAT CACG,CONTRATS,DEMANDE DE GARANTIE
CONTRAT CNR,CONTRATS,AVENANT
CONTRAT CNR,CONTRATS,CONDITIONS PARTICULIERES
CONTRAT CNR,CONTRATS,CONVENTION SPECIALE
CONTRAT CNR,CONTRATS,PROPOSITION SIGNEE
CONTRAT CNR,CONTRATS,QUESTIONNAIRE TECHNIQUE
CONTRAT DO,CONTRATS,ATTESTATION ASSURANCE
CONTRAT DO,CONTRATS,ATTESTATION ASSURANCE
CONTRAT DO,CONTRATS,AVENANT
CONTRAT DO,CONTRATS,CONDITIONS PARTICULIERES
CONTRAT DO,CONTRATS,CONVENTION SPECIALE
CONTRAT DO,CONTRATS,PROPOSITION SIGNEE
CONTRAT DO,CONTRATS,QUESTIONNAIRE TECHNIQUE
CONTRAT INTERNATIONAL,CONTRATS,AVENANT CONTRAT
CONTRAT INTERNATIONAL,CONTRATS,CONDITIONS PARTICULIERES
CONTRAT INTERNATIONAL,CONTRATS,CONVENTION SPECIALE
CONTRAT PJP,CONTRATS,CONDITIONS PARTICULIERES
CONTRAT PJP,CONTRATS,CONDITIONS PARTICULIERES
CONTRAT RCE,CONTRATS,CONDITIONS PARTICULIERES
CONTRAT RCT,CONTRATS,CONVENTION SPECIALE
CONTRAT SPS,CONTRATS,CONDITIONS PARTICULIERES
CONTRAT TRC,CONTRATS,AVENANT
CONTRAT TRC,CONTRATS,CONDITIONS PARTICULIERES
CONTRAT TRC,CONTRATS,PROPOSITION SIGNEE
DEFENSE,ACTES,INTERVENTION SUR ASSIGNATION
DESIGNATION D'AVOCAT REMBOURSEMENT,ACTES,AVOCAT PERSO ADH
DESIGNATION D'AVOCAT REMBOURSEMENT,ACTES,RAPPEL DE FRANCHISE
DESIGNATION D'AVOCAT REMBOURSEMENT,ACTES,REMBOURSEMENT
DESIGNATION D'AVOCAT REMBOURSEMENT,ACTES,SAISINE AVOCAT ADH
DESIGNATION D'AVOCAT REMBOURSEMENT,ACTES,SAISINE AVOCAT MAF
DOCUMENTS COCOON,ENCAISSEMENT,BORDEREAU DE REMISE EN BANQUE
DOCUMENTS COMMUNICATION,RDVMAF,ATTESTATIONS
DOCUMENTS CONTRACTUELS,TRAITES,AVENANT DE TRAITES DE REASSURANCE
DOCUMENTS CONTRACTUELS,TRAITES,PAGE SIGNATURE AVENANT
DOCUMENTS CONTRACTUELS,TRAITES,PAGE SIGNATURE TRAITE
DOCUMENTS CONTRACTUELS,TRAITES,TRAITES DE REASSURANCE
DOCUMENTS CONTRAT,AUTRES,ATTESTATION PEETERS-BORSUS
DOCUMENTS CONTRAT,AUTRES,DIVERS
DOCUMENTS CONTRAT,COMMISSION,BORDEREAU DETAILLE
DOCUMENTS CONTRAT,COMMISSION,LETTRE ACCOMPAGNEMENT
DOCUMENTS CONTRAT,COMMISSION ATTENTE VALIDATION,BORDEREAU DETAILLE
DOCUMENTS CONTRAT,COMMISSION ATTENTE VALIDATION,LETTRE ACCOMPAGNEMENT
DOCUMENTS CONTRAT,CONTENTIEUX,AR POSTE
DOCUMENTS CONTRAT,CONTENTIEUX,CONTENTIEUX DE MASSE
DOCUMENTS CONTRAT,CONTENTIEUX,MISE EN DEMEURE
DOCUMENTS CONTRAT,CONTENTIEUX,RELANCE
DOCUMENTS CONTRAT,CONTENTIEUX,RESILIATION
DOCUMENTS CONTRAT,CONTENTIEUX,SUSPENSION
DOCUMENTS CONTRAT,CONTRATS,AVENANT CONTRAT
DOCUMENTS CONTRAT,CONTRATS,CONDITIONS PARTICULIERES
DOCUMENTS CONTRAT,CONTRATS,CONVENTION SPECIALE
DOCUMENTS CONTRAT,CONTRATS,LETTRE AVENANT
DOCUMENTS CONTRAT,CONTROLE,SOUSCRIPTION/ENREGISTREMENT-1.0
DOCUMENTS CONTRAT,CONTROLE,SOUSCRIPTION/ENREGISTREMENT-1.1
DOCUMENTS CONTRAT,CONTROLE,SOUSCRIPTION/ENREGISTREMENT-1.2
DOCUMENTS CONTRAT,CONTROLE,SOUSCRIPTION/ENREGISTREMENT-1.2
DOCUMENTS CONTRAT,COTE A SPECIFIER,TYPE A SPECIFIER
DOCUMENTS CONTRAT,DECLARATION ACTIVITES,AJUSTEMENT DAP
DOCUMENTS CONTRAT,DECLARATION ACTIVITES,AJUSTEMENTS (DEMANDE ET D'OFFICE)
DOCUMENTS CONTRAT,DECLARATION ACTIVITES,AUTRE
DOCUMENTS CONTRAT,DECLARATION ACTIVITES,COMPLEMENTAIRE APRES SINISTRE
DOCUMENTS CONTRAT,DECLARATION ACTIVITES,COTISATION COMPLEMENTAIRE APRES SINISTRE
DOCUMENTS CONTRAT,DECLARATION ACTIVITES,COURRIER DAP
DOCUMENTS CONTRAT,DECLARATION ACTIVITES,COURRIER SUR ANOMALIE DAP
DOCUMENTS CONTRAT,DECLARATION ACTIVITES,DAP
DOCUMENTS CONTRAT,DECLARATION ACTIVITES,DAP
DOCUMENTS CONTRAT,DECLARATION ACTIVITES,DAP ISIS
DOCUMENTS CONTRAT,DECLARATION ACTIVITES,DAP NEANT
DOCUMENTS CONTRAT,DECLARATION ACTIVITES,DAPGC INITIALE
DOCUMENTS CONTRAT,DECLARATION ACTIVITES,DAPGC INITIALE
DOCUMENTS CONTRAT,DECLARATION ACTIVITES,DECLARATION INTERNET
DOCUMENTS CONTRAT,DECLARATION ACTIVITES,DEMANDE AJUSTEMENT
DOCUMENTS CONTRAT,DECLARATION ACTIVITES,DEMANDE AJUSTEMENT
DOCUMENTS CONTRAT,DECLARATION ACTIVITES,DIVERS
DOCUMENTS CONTRAT,DECLARATION ACTIVITES,LETTRE AJUSTEMENT
DOCUMENTS CONTRAT,DECLARATION ACTIVITES,LETTRE FINANCIERE
DOCUMENTS CONTRAT,DECLARATION ACTIVITES,PAGE RECAPITULATIVE
DOCUMENTS CONTRAT,DECLARATION ACTIVITES,RELEVE PAIEMENT
DOCUMENTS CONTRAT,FAUSSE ATTESTATION,COURRIER FAUSSE ATTESTATION
DOCUMENTS CONTRAT,FAUSSE ATTESTATION,DIVERS
DOCUMENTS CONTRAT,FAUSSE ATTESTATION,DOCUMENT PROCEDURE
DOCUMENTS CONTRAT,FAUSSE ATTESTATION,HONORAIRES NOTE DE FRAIS
DOCUMENTS CONTRAT,GC,ATTESTATION ASSURANCE ENTREPRISE
DOCUMENTS CONTRAT,GC,ATTESTATION ASSURANCE PARTICIPANTS
DOCUMENTS CONTRAT,GC,ATTESTATION CCRD
DOCUMENTS CONTRAT,GC,AUTRE
DOCUMENTS CONTRAT,GC,CONSTRUCTEUR NON REALISATEUR (CNR)
DOCUMENTS CONTRAT,GC,CONTRAT DE MISSION
DOCUMENTS CONTRAT,GC,CONTRAT DE MISSION HORS CONTRAT
DOCUMENTS CONTRAT,GC,COUPE GENERALE
DOCUMENTS CONTRAT,GC,DECLARATION OUVERTURE CHANTIER
DOCUMENTS CONTRAT,GC,DECOMPTE GENERAL ET DÉFINITIF DES TRAVAUX (DGD)
DOCUMENTS CONTRAT,GC,DEVIS SIGNE
DOCUMENTS CONTRAT,GC,DIVERS HORS CONTRAT
DOCUMENTS CONTRAT,GC,DOMMAGES OUVRAGE (DO)
DOCUMENTS CONTRAT,GC,IMPRIME CERFA
DOCUMENTS CONTRAT,GC,LETTRE DE COMMANDE
DOCUMENTS CONTRAT,GC,LISTE DES ENTREPRISES
DOCUMENTS CONTRAT,GC,NOTICE DE PRESENTATION
DOCUMENTS CONTRAT,GC,ORGANIGRAMME MOE
DOCUMENTS CONTRAT,GC,PLAN DE MASSE
DOCUMENTS CONTRAT,GC,PV DE RECEPTION
DOCUMENTS CONTRAT,GC,RAPPORT ETUDE SOL
DOCUMENTS CONTRAT,GC,RAPPORT INITIAL CONTROLEUR
DOCUMENTS CONTRAT,GC,TABLEAU REPARTITION HONORAIRES MOE
DOCUMENTS CONTRAT,GC,TOUS RISQUES CHANTIER (TRC)
DOCUMENTS CONTRAT,GESTION,ANALYSE CONTRAT DE MISSION
DOCUMENTS CONTRAT,GESTION,APPEL COTISATION
DOCUMENTS CONTRAT,GESTION,AR TESSI
DOCUMENTS CONTRAT,GESTION,AR TESSI ND
DOCUMENTS CONTRAT,GESTION,BORDEREAU DE REMISE EN BANQUE
DOCUMENTS CONTRAT,GESTION,COMMISSION DES CONTRATS
DOCUMENTS CONTRAT,GESTION,CONSEIL DIVERS
DOCUMENTS CONTRAT,GESTION,COURRIER GESTION
DOCUMENTS CONTRAT,GESTION,COURRIER PAIEMENT
DOCUMENTS CONTRAT,GESTION,DECLARATION DE MISSION OU CHANTIER
DOCUMENTS CONTRAT,GESTION,DELAI DE PAIEMENT ECHEANCIERS
DOCUMENTS CONTRAT,GESTION,DEMANDE ATTESTATION
DOCUMENTS CONTRAT,GESTION,DEMANDE DE REGLEMENT MANUEL
DOCUMENTS CONTRAT,GESTION,DEMANDE DE REMBOURSEMENT
DOCUMENTS CONTRAT,GESTION,DEMANDE SUR MISSION PARTICULIERE (GARANTIE/TARIFICATION)
DOCUMENTS CONTRAT,GESTION,DEPASSEMENT PLAFOND
DOCUMENTS CONTRAT,GESTION,FONDS DE SOLIDARITE
DOCUMENTS CONTRAT,GESTION,INTERNATIONAL BANK ACCOUNT NUMBER
DOCUMENTS CONTRAT,GESTION,JEU DE PLAN
DOCUMENTS CONTRAT,GESTION,MANDAT SEPA
DOCUMENTS CONTRAT,GESTION,MODIFICATION ADMINISTRATIVE
DOCUMENTS CONTRAT,GESTION,ORDRE DE VIREMENT
DOCUMENTS CONTRAT,GESTION,PRELEVEMENT MANDAT SEPA
DOCUMENTS CONTRAT,GESTION,REVISION BP
DOCUMENTS CONTRAT,GESTION,REVISION DE TAUX DE COTISATION
DOCUMENTS CONTRAT,GESTION,RIB
DOCUMENTS CONTRAT,GESTION,RISTOURNE
DOCUMENTS CONTRAT,GESTION,SCAN DE CHEQUE
DOCUMENTS CONTRAT,GESTION,SCAN LETTRE CHEQUE
DOCUMENTS CONTRAT,GESTION,SUIVI IMPAYE
DOCUMENTS CONTRAT,GESTION ASSOCIES,ACTE CESSION
DOCUMENTS CONTRAT,GESTION ASSOCIES,COPIE PIECE IDENTITE
DOCUMENTS CONTRAT,GESTION ASSOCIES,CV
DOCUMENTS CONTRAT,GESTION ASSOCIES,DIPLOME
DOCUMENTS CONTRAT,GESTION ASSOCIES,EXTRAIT K-BIS
DOCUMENTS CONTRAT,GESTION ASSOCIES,LISTE ASSOCIES
DOCUMENTS CONTRAT,GESTION ASSOCIES,PARTS SOCIALES
DOCUMENTS CONTRAT,GESTION ASSOCIES,PROCES-VERBAL ASSEMBLEE GENERALE
DOCUMENTS CONTRAT,GESTION ASSOCIES,STATUTS SOCIETE
DOCUMENTS CONTRAT,MAF EN DEV,DIVERS
DOCUMENTS CONTRAT,PIECE JOINTE,PIECE JOINTE CR DE CONTACT
DOCUMENTS CONTRAT,PIECES CONTRACTUELLES,ATTESTATION ANNUELLE
DOCUMENTS CONTRAT,PIECES CONTRACTUELLES,ATTESTATION NOMINATIVE
DOCUMENTS CONTRAT,PIECES CONTRACTUELLES,AVENANTS
DOCUMENTS CONTRAT,PIECES CONTRACTUELLES,CONDITIONS PARTICULIERES
DOCUMENTS CONTRAT,PIECES CONTRACTUELLES,CONVENTION SPECIALE
DOCUMENTS CONTRAT,PIECES CONTRACTUELLES,DIVERS
DOCUMENTS CONTRAT,PIECES CONTRACTUELLES,LETTRE MONTANT DE GARANTIE
DOCUMENTS CONTRAT,PROCEDURE COLLECTIVE,A.R. REVENU SIGNE
DOCUMENTS CONTRAT,PROCEDURE COLLECTIVE,CONTESTATION DE CREANCE
DOCUMENTS CONTRAT,PROCEDURE COLLECTIVE,COURRIER PROCEDURE COLLECTIVE
DOCUMENTS CONTRAT,PROCEDURE COLLECTIVE,DIVERS
DOCUMENTS CONTRAT,PROCEDURE COLLECTIVE,INFORMATION PROCEDURE COLLECTIVE
DOCUMENTS CONTRAT,PROCEDURE COLLECTIVE,PLAN
DOCUMENTS CONTRAT,REASSURANCE,ACCORD REASSURANCE
DOCUMENTS CONTRAT,RECLAMATION,AR POSTE
DOCUMENTS CONTRAT,RECLAMATION,RECLAMATION
DOCUMENTS CONTRAT,RECLAMATION,REPONSE DEFINITIVE
DOCUMENTS CONTRAT,RECLAMATION,SUIVI
DOCUMENTS CONTRAT,RECOURS,A.R. REVENU SIGNE
DOCUMENTS CONTRAT,RECOURS,COURRIER NON DISTRIBUE
DOCUMENTS CONTRAT,RECOURS,COURRIER RECOURS
DOCUMENTS CONTRAT,RECOURS,DIVERS
DOCUMENTS CONTRAT,RECOURS,DOCUMENT PROCEDURE
DOCUMENTS CONTRAT,RECOURS,HONORAIRES NOTE DE FRAIS
DOCUMENTS CONTRAT,RELEVE DE SINISTRALITE,COURRIER RELEVE DE SINISTRALITE
DOCUMENTS CONTRAT,RELEVE DE SINISTRALITE,CP CG ASSUREUR ADVERSE
DOCUMENTS CONTRAT,RELEVE DE SINISTRALITE,DIVERS
DOCUMENTS CONTRAT,RELEVE DE SINISTRALITE,PROPOSITION ASSUREUR ADVERSE
DOCUMENTS CONTRAT,RELEVE DE SINISTRALITE,RELEVE DE SINISTRALITE
DOCUMENTS CONTRAT,REMBOURSEMENT,SCAN DE CHEQUE MANUEL
DOCUMENTS CONTRAT,RESILIATION,COURRIER DE RESILIATION ADHERENT / JUSTIFICATIFS
DOCUMENTS CONTRAT,RESILIATION,COURRIER RESILIATION MAF/EUROMAF
DOCUMENTS CONTRAT,RESILIATION,DEMANDE DE RESILIATION
DOCUMENTS CONTRAT,RESILIATION,DEMANDE DE RESILIATION A TITRE CONSERVATOIRE
DOCUMENTS CONTRAT,RESILIATION,DIVERS
DOCUMENTS CONTRAT,SOUSCRIPTION,ATTESTATION CP CG ASSUREUR PRECEDENT
DOCUMENTS CONTRAT,SOUSCRIPTION,ATTESTATION INSCRIPTION ORDRE DES ARCHITECTES
DOCUMENTS CONTRAT,SOUSCRIPTION,ATTESTATION SUR HONNEUR ET DECLARATION MISSIONS EN COURS
DOCUMENTS CONTRAT,SOUSCRIPTION,AUTRE
DOCUMENTS CONTRAT,SOUSCRIPTION,BILAN POUR RE-SOUSCRIPTION (S/P / SINISTRES)
DOCUMENTS CONTRAT,SOUSCRIPTION,CERTIFICAT INSEE
DOCUMENTS CONTRAT,SOUSCRIPTION,CERTIFICATION OPQIBI / OPQTECC / CFAI
DOCUMENTS CONTRAT,SOUSCRIPTION,CERTIFICATS DE TRAVAIL
DOCUMENTS CONTRAT,SOUSCRIPTION,CONTRAT DE MISSION HORS CONTRAT
DOCUMENTS CONTRAT,SOUSCRIPTION,COPIE PIECE IDENTITE
DOCUMENTS CONTRAT,SOUSCRIPTION,COPIE PIECE IDENTITE DIRIGEANT
DOCUMENTS CONTRAT,SOUSCRIPTION,COURRIER SOUSCRIPTION
DOCUMENTS CONTRAT,SOUSCRIPTION,CV
DOCUMENTS CONTRAT,SOUSCRIPTION,DEVIS SIGNE HORS CONTRAT
DOCUMENTS CONTRAT,SOUSCRIPTION,DIPLOMES
DOCUMENTS CONTRAT,SOUSCRIPTION,DIVERS
DOCUMENTS CONTRAT,SOUSCRIPTION,DIVERS HORS CONTRAT
DOCUMENTS CONTRAT,SOUSCRIPTION,EXTRAIT K-BIS
DOCUMENTS CONTRAT,SOUSCRIPTION,INSCRIPTION CROA (ATTESTATION, RECEPISSE)
DOCUMENTS CONTRAT,SOUSCRIPTION,LETTRE DE COMMANDE HORS CONTRAT
DOCUMENTS CONTRAT,SOUSCRIPTION,LETTRE RESILIATION DERNIER ASSUREUR
DOCUMENTS CONTRAT,SOUSCRIPTION,NOTICE EXPLICATIVE ACTIVITE
DOCUMENTS CONTRAT,SOUSCRIPTION,PRIMES ASSUREUR PRECEDENT
DOCUMENTS CONTRAT,SOUSCRIPTION,PROPOSITION
DOCUMENTS CONTRAT,SOUSCRIPTION,QUESTIONNAIRE TECHNIQUE
DOCUMENTS CONTRAT,SOUSCRIPTION,RAPPORT ETUDE SOL
DOCUMENTS CONTRAT,SOUSCRIPTION,RECEPISSE DEMANDE INSCRIPTION ORDRE ARCHITECTE
DOCUMENTS CONTRAT,SOUSCRIPTION,RECEPISSE DEMANDE INSCRIPTION ORDRE ARCHITECTE
DOCUMENTS CONTRAT,SOUSCRIPTION,RELEVE SINISTRALITE ASSUREUR PRECEDENT
DOCUMENTS CONTRAT,SOUSCRIPTION,SIRENE 
DOCUMENTS CONTRAT,SOUSCRIPTION,STATUTS SOCIETE
DOCUMENTS CONTRAT,TRESOR PUBLIC,AVIS A TIERS DETENTEUR
DOCUMENTS CONTRAT,TRESOR PUBLIC,DIVERS
DOCUMENTS CONTRAT,TRESOR PUBLIC,OPPOSITION ADMINISTRATIVE
DOCUMENTS COURTIERS,COMMISSION,BORDEREAU DETAILLE
DOCUMENTS COURTIERS,COMMISSION,LETTRE ACCOMPAGNEMENT
DOCUMENTS DO,CONTRATS,DEMANDE DE SOUSCRIPTION
DOCUMENTS DO,CONTRATS,QUESTIONNAIRE COURTIER
DOCUMENTS EMOA,ATTESTATIONS ASSURANCES,ATTESTATION ASSURANCE
DOCUMENTS EMOA,ATTESTATIONS ASSURANCES,ATTESTATION ASSURANCE INVALIDE
DOCUMENTS EMOA,ATTESTATIONS ASSURANCES,DOC
DOCUMENTS EMOA,ATTESTATIONS ASSURANCES,K-BIS
DOCUMENTS EMOA,ATTESTATIONS ASSURANCES,LISTE INTERVENANTS
DOCUMENTS EMOA,ATTESTATIONS ASSURANCES,MARCHE ENTREPRISE INVALIDE
DOCUMENTS EMOA,ATTESTATIONS ASSURANCES,MARCHE ENTREPRISE VALIDE
DOCUMENTS EMOA,ATTESTATIONS ASSURANCES,MARCHE MAITRISE OEUVRE
DOCUMENTS EMOA,ATTESTATIONS ASSURANCES,OS ENTREPRISE
DOCUMENTS EMOA,ATTESTATIONS ASSURANCES,OS ENTREPRISE INVALIDE
DOCUMENTS EMOA,AUTRES,DIVERS
DOCUMENTS EMOA,COTE A SPECIFIER,TYPE A SPECIFIER
DOCUMENTS EMOA,COURRIERS GESTION,AVIS AGGRAVATION
DOCUMENTS EMOA,COURRIERS GESTION,AVIS ECHEANCE REVISIONNEL
DOCUMENTS EMOA,COURRIERS GESTION,AVIS PROLONGATION TRC
DOCUMENTS EMOA,COURRIERS GESTION,COURRIER GESTION
DOCUMENTS EMOA,COURRIERS GESTION,LETTRE 1ERE MISE EN DEMEURE
DOCUMENTS EMOA,COURRIERS GESTION,LETTRE 2EME MISE EN DEMEURE
DOCUMENTS EMOA,COURRIERS GESTION,LETTRE 3EME MISE EN DEMEURE
DOCUMENTS EMOA,COURRIERS GESTION,LETTRE AVENANT DE FIN DE TRAVAUX
DOCUMENTS EMOA,COURRIERS GESTION,LETTRE DE RELANCE N°1
DOCUMENTS EMOA,COURRIERS GESTION,LETTRE DE RELANCE N°2
DOCUMENTS EMOA,COURRIERS GESTION,QUITTANCE PAIEMENT
DOCUMENTS EMOA,COURRIERS GESTION,SUIVI DES TRAVAUX
DOCUMENTS EMOA,COURRIERS SOUSCRIPTION,AVIS ECHEANCE PREVISIONNEL
DOCUMENTS EMOA,COURRIERS SOUSCRIPTION,COURRIER DE SOUSCRIPTION
DOCUMENTS EMOA,PIECES CONTRACTUELLES,ATTESTATION DE NON SINISTRE
DOCUMENTS EMOA,PIECES CONTRACTUELLES,ATTESTATION MAF
DOCUMENTS EMOA,PIECES CONTRACTUELLES,AVENANTS
DOCUMENTS EMOA,PIECES CONTRACTUELLES,CONDITIONS PARTICULIERES
DOCUMENTS EMOA,PIECES CONTRACTUELLES,CONTRAT DE VENTE (CACG)
DOCUMENTS EMOA,PIECES CONTRACTUELLES,DEMANDE DE SOUSCRIPTION (CACG)
DOCUMENTS EMOA,PIECES CONTRACTUELLES,DEMANDE PREALABLE DE GARANTIE (CACG)
DOCUMENTS EMOA,PIECES CONTRACTUELLES,PROPOSITION
DOCUMENTS EMOA,PIECES CONTRACTUELLES,QUESTIONNAIRE TECHNIQUE
DOCUMENTS EMOA,PIECES TECHNIQUES DE FIN DE TRAVAUX,DECLARATION ACHEVEMENT TRAVAUX
DOCUMENTS EMOA,PIECES TECHNIQUES DE FIN DE TRAVAUX,DGD (DECOMPTE GENERAL DEFINITIF)
DOCUMENTS EMOA,PIECES TECHNIQUES DE FIN DE TRAVAUX,LEVE OBSERVATION BUREAU DE CONTROLE
DOCUMENTS EMOA,PIECES TECHNIQUES DE FIN DE TRAVAUX,PV DE LIVRAISON
DOCUMENTS EMOA,PIECES TECHNIQUES DE FIN DE TRAVAUX,RAPPORT FINAL BUREAU DE CONTROLE
DOCUMENTS EMOA,PIECES TECHNIQUES DE FIN DE TRAVAUX,RT 2012 - ATTESTATION FIN DE TRAVAUX
DOCUMENTS EMOA,PIECES TECHNIQUES DE SOUSCRIPTION,BILAN DE SINISTRALITE (CACG)
DOCUMENTS EMOA,PIECES TECHNIQUES DE SOUSCRIPTION,CAHIER CLAUSES ADMINISTRATIVES PARTICULIERES (CCAP)
DOCUMENTS EMOA,PIECES TECHNIQUES DE SOUSCRIPTION,CAHIER CLAUSES PARTICULIERES (CCTP)
DOCUMENTS EMOA,PIECES TECHNIQUES DE SOUSCRIPTION,DESCRIPTIF SOMMAIRE DES TRAVAUX (CACG)
DOCUMENTS EMOA,PIECES TECHNIQUES DE SOUSCRIPTION,DEVIS
DOCUMENTS EMOA,PIECES TECHNIQUES DE SOUSCRIPTION,ETUDE DE SOL
DOCUMENTS EMOA,PIECES TECHNIQUES DE SOUSCRIPTION,ETUDES STRUCTURE
DOCUMENTS EMOA,PIECES TECHNIQUES DE SOUSCRIPTION,ETUDES THERMIQUES
DOCUMENTS EMOA,PIECES TECHNIQUES DE SOUSCRIPTION,NOTICE DESCRIPTIVE DES TRAVAUX
DOCUMENTS EMOA,PIECES TECHNIQUES DE SOUSCRIPTION,PERMIS DE CONSTRUIRE
DOCUMENTS EMOA,PIECES TECHNIQUES DE SOUSCRIPTION,PLANNING DES TRAVAUX
DOCUMENTS EMOA,PIECES TECHNIQUES DE SOUSCRIPTION,PLANS
DOCUMENTS EMOA,PIECES TECHNIQUES DE SOUSCRIPTION,RAPPORT INITIAL BUREAU DE CONTROLE
DOCUMENTS EMOA,PIECES TECHNIQUES DE SOUSCRIPTION,REGLEMENT DES CONSULTATIONS
DOCUMENTS EMOA,PIECES TECHNIQUES DE SOUSCRIPTION,RT 2012 - ATTESTATION PERMIS DE CONSTRUIRE
DOCUMENTS EMOA,PIECES TECHNIQUES DE SOUSCRIPTION,RT 2012 - ETUDE DE FAISABILITE
DOCUMENTS EMOA,PIECES TECHNIQUES DE SOUSCRIPTION,STATUS SCI
DOCUMENTS EMOA,RECEPTION,ATTESTATION DE RECEPTION
DOCUMENTS EMOA,RECEPTION,CONSTAT HUISSIER / ETAT AVANCEMENT DES TRAVAUX
DOCUMENTS EMOA,RECEPTION,CONVOCATION A LA RECEPTION
DOCUMENTS EMOA,RECEPTION,ETAT HUISSIER / ETAT AVANCEMENT DES TRAVAUX
DOCUMENTS EMOA,RECEPTION,LEVEE DE RESERVE
DOCUMENTS EMOA,RECEPTION,LIQUIDATION JUDICIAIRE
DOCUMENTS EMOA,RECEPTION,PROCES-VERBAUX DE RECEPTION
DOCUMENTS EMOA,RECEPTION,RESERVES
DOCUMENTS EMOA,RECEPTION,TABLEAU RECAPITULATIF
DOCUMENTS EMOA,RECLAMATION,AR POSTE
DOCUMENTS EMOA,RECLAMATION,RECLAMATION
DOCUMENTS EMOA,RECLAMATION,REPONSE DEFINITIVE
DOCUMENTS EMOA,RECLAMATION,SUIVI
DOCUMENTS EMOA,SINISTRE,CALCUL TAUX RECOUVREMENT
DOCUMENTS EMOA,SINISTRE,COURRIER SERVICE SINISTRES
DOCUMENTS ENTRANTS,AUTRES,DIVERS
DOCUMENTS PAPS,CASSATION,COURRIER CASSATION
DOCUMENTS PAPS,CASSATION,MEMOIRE CASSATION
DOCUMENTS PAPS,CASSATION,POURVOI
DOCUMENTS PAPS,CASSATION,POURVOI CASSATION
DOCUMENTS PAPS,CONTROLE GARANTIES,ATTESTATION D ASSURANCE
DOCUMENTS PAPS,CONTROLE GARANTIES,CONTRAT DE MISSION ADHERENT
DOCUMENTS PAPS,CONTROLE GARANTIES,COURRIER VERIFICATION
DOCUMENTS PAPS,CONTROLE GARANTIES,DAP (paps)
DOCUMENTS PAPS,CONTROLE GARANTIES,DO DOSSIER SOUSCRIPTION
DOCUMENTS PAPS,CONTROLE GARANTIES,FORMULAIRE D.D.S.
DOCUMENTS PAPS,CONTROLE GARANTIES,HONORAIRES ADHERENT
DOCUMENTS PAPS,CONTROLE GARANTIES,P.V. DE RECEPTION
DOCUMENTS PAPS,CONTROLE GARANTIES,PJ AVENANT
DOCUMENTS PAPS,CONTROLE GARANTIES,PJ CR DE CHANTIER/DEVIS/PLAN
DOCUMENTS PAPS,CONTROLE GARANTIES,PJ PERMIS DE CONSTRUIRE
DOCUMENTS PAPS,CONTROLE GARANTIES,POLICE D ASSURANCE
DOCUMENTS PAPS,CORRESPONDANCE,DECOMPTE HUISSIER
DOCUMENTS PAPS,DOCUMENTS INTERNES,ECHANGE PILOTAGE
DOCUMENTS PAPS,DOCUMENTS INTERNES,ENQUETE RISQUE CREDIT
DOCUMENTS PAPS,DOCUMENTS INTERNES,MIGRATION MNK
DOCUMENTS PAPS,DOCUMENTS INTERNES,OUVERTURE EVALUATION PILOTAGE
DOCUMENTS PAPS,FRAIS ET HONORAIRES,ANNEXES FRAIS
DOCUMENTS PAPS,FRAIS ET HONORAIRES,DETAIL DES PRESTATIONS
DOCUMENTS PAPS,FRAIS ET HONORAIRES,NOTE HONORAIRES
DOCUMENTS PAPS,GESTION,AR POSTE
DOCUMENTS PAPS,GESTION,AUTRE
DOCUMENTS PAPS,GESTION,COMPTE RENDU
DOCUMENTS PAPS,GESTION,CONCLUSIONS OU MEMOIRE
DOCUMENTS PAPS,GESTION,Contestation / Réclamation / Echelon
DOCUMENTS PAPS,GESTION,CONVOCATION
DOCUMENTS PAPS,GESTION,COURRIER
DOCUMENTS PAPS,GESTION,COURRIER AR
DOCUMENTS PAPS,GESTION,DECOMPTE
DOCUMENTS PAPS,GESTION,DECOMPTE HUISSIER
DOCUMENTS PAPS,GESTION,DIRE
DOCUMENTS PAPS,GESTION,DO ANNEXES RAPPORT
DOCUMENTS PAPS,GESTION,DO BORDEREAU DE VIREMENT
DOCUMENTS PAPS,GESTION,DO COPIE CHEQUE
DOCUMENTS PAPS,GESTION,DO COURRIER
DOCUMENTS PAPS,GESTION,DO DECLARATION DE SINISTRE
DOCUMENTS PAPS,GESTION,DO DECLENCHEMENT AVT 1
DOCUMENTS PAPS,GESTION,DO FICHE BAREME
DOCUMENTS PAPS,GESTION,DO LA R COMPLEMENTAIRE
DOCUMENTS PAPS,GESTION,DO LA RD
DOCUMENTS PAPS,GESTION,DO LA RP
DOCUMENTS PAPS,GESTION,DO LA RU
DOCUMENTS PAPS,GESTION,DO NOTE INFORMATIONS
DOCUMENTS PAPS,GESTION,DO NOTE RESPONSABILITE
DOCUMENTS PAPS,GESTION,DO PROLONGATION DELAI
DOCUMENTS PAPS,GESTION,DO RAPPORT
DOCUMENTS PAPS,GESTION,DO RAPPORT  PRELIMINAIRE
DOCUMENTS PAPS,GESTION,DO RAPPORT DEFINITIF
DOCUMENTS PAPS,GESTION,DO RAPPORT DEFINITIF COMPLEMENTAIRE
DOCUMENTS PAPS,GESTION,DO RAPPORT INTERMEDIAIRE / COMPLEMENTAIRE
DOCUMENTS PAPS,GESTION,DO RAPPORT UNIQUE
DOCUMENTS PAPS,GESTION,ETAT DE FRAIS
DOCUMENTS PAPS,GESTION,FICHE SIGNALISATION DOSSIER SENSIBLE
DOCUMENTS PAPS,GESTION,NOTE EXPERTISE
DOCUMENTS PAPS,GESTION,NOUVELLE AFFAIRE
DOCUMENTS PAPS,GESTION,PJ AVIS
DOCUMENTS PAPS,GESTION,PJ POUVOIR
DOCUMENTS PAPS,GESTION,PROJET DE PROTOCOLE
DOCUMENTS PAPS,GESTION,PROJET DE TRANSACTION
DOCUMENTS PAPS,GESTION,PROTOCOLE
DOCUMENTS PAPS,GESTION,RAPPORT
DOCUMENTS PAPS,GESTION,RAPPORT DEFINITIF
DOCUMENTS PAPS,GESTION,TRANSACTION
DOCUMENTS PAPS,PAPS,AR POSTE
DOCUMENTS PAPS,PAPS,ATTESTATION D ASSURANCE
DOCUMENTS PAPS,PAPS,COURRIER FRANCHISE
DOCUMENTS PAPS,PAPS,COURRIER REGLEMENT
DOCUMENTS PAPS,PAPS,DAP (paps)
DOCUMENTS PAPS,PAPS,DO ACCEPTATION INDEMNITES
DOCUMENTS PAPS,PAPS,DO AR
DOCUMENTS PAPS,PAPS,DO BORDEREAU DE VIREMENT
DOCUMENTS PAPS,PAPS,DO COPIE CHEQUE
DOCUMENTS PAPS,PAPS,DO COURRIER
DOCUMENTS PAPS,PAPS,DO COURRIER RECOURS
DOCUMENTS PAPS,PAPS,DO DECLARATION DE SINISTRE
DOCUMENTS PAPS,PAPS,DO DOSSIER SOUSCRIPTION
DOCUMENTS PAPS,PAPS,DO FACTURE
DOCUMENTS PAPS,PAPS,DO FICHE PREALABLE
DOCUMENTS PAPS,PAPS,DO LETTRE CHEQUE
DOCUMENTS PAPS,PAPS,DO NOTE INFORMATIONS
DOCUMENTS PAPS,PAPS,DO RAPPORT
DOCUMENTS PAPS,PAPS,DO RAPPORT  PRELIMINAIRE
DOCUMENTS PAPS,PAPS,DO RAPPORT DEFINITIF
DOCUMENTS PAPS,PAPS,DO RAPPORT DEFINITIF COMPLEMENTAIRE
DOCUMENTS PAPS,PAPS,DO RAPPORT INTERMEDIAIRE / COMPLEMENTAIRE
DOCUMENTS PAPS,PAPS,DO TABLEAU RECOURS
DOCUMENTS PAPS,PAPS,ETUDES TECHNIQUES
DOCUMENTS PAPS,PAPS,HONORAIRES ADHERENT
DOCUMENTS PAPS,PAPS,MEMOIRE CASSATION
DOCUMENTS PAPS,PAPS,PJ AVENANT
DOCUMENTS PAPS,PAPS,PJ AVIS
DOCUMENTS PAPS,PAPS,PJ AVIS OPPOSITION
DOCUMENTS PAPS,PAPS,PJ CR DE CHANTIER/DEVIS/PLAN
DOCUMENTS PAPS,PAPS,PJ PERMIS DE CONSTRUIRE
DOCUMENTS PAPS,PAPS,PJ POUVOIR
DOCUMENTS PAPS,PAPS,PROJET DE PROTOCOLE
DOCUMENTS PAPS,PAPS,PROTOCOLE
DOCUMENTS PAPS,PIECES,CONTRAT DE MISSION ASSURE
DOCUMENTS PAPS,PIECES,CR DE CHANTIER/DEVIS/PLAN
DOCUMENTS PAPS,PIECES,ETAT DE FRAIS ET HONORAIRES
DOCUMENTS PAPS,PROCEDURES,ACTE DE PROCEDURE
DOCUMENTS PAPS,PROCEDURES,ACTE DE PROCEDURE DIVERS
DOCUMENTS PAPS,PROCEDURES,APPEL REQUETE
DOCUMENTS PAPS,PROCEDURES,ARRET
DOCUMENTS PAPS,PROCEDURES,ASSIGNATION FOND
DOCUMENTS PAPS,PROCEDURES,ASSIGNATION REFERE
DOCUMENTS PAPS,PROCEDURES,AVIS PROVISOIRE
DOCUMENTS PAPS,PROCEDURES,CITATION FOND
DOCUMENTS PAPS,PROCEDURES,CITATION REFERE
DOCUMENTS PAPS,PROCEDURES,COMMANDEMENT / SAISIE
DOCUMENTS PAPS,PROCEDURES,COMMANDEMENT / SAISIE / EXECUTOIRE
DOCUMENTS PAPS,PROCEDURES,DECLARATION APPEL
DOCUMENTS PAPS,PROCEDURES,JUGEMENT
DOCUMENTS PAPS,PROCEDURES,ORDONNANCE
DOCUMENTS PAPS,PROCEDURES,ORDONNANCE DE TAXATION
DOCUMENTS PAPS,PROCEDURES,ORDONNANCE DE TAXATION
DOCUMENTS PAPS,PROCEDURES,ORDONNANCE DE TAXE
DOCUMENTS PAPS,PROCEDURES,PJ AVIS OPPOSITION
DOCUMENTS PAPS,PROCEDURES,POURVOI CASSATION
DOCUMENTS PAPS,PROCEDURES,PRE-RAPPORT
DOCUMENTS PAPS,PROCEDURES,PRE-RAPPORT AVIS PROVISOIRE
DOCUMENTS PAPS,PROCEDURES,PROJET DE TRANSACTION
DOCUMENTS PAPS,PROCEDURES,RAPPORT
DOCUMENTS PAPS,PROCEDURES,RAPPORT DEFINITIF
DOCUMENTS PAPS,PROCEDURES,RAPPORT DEFINITIF
DOCUMENTS PAPS,PROCEDURES,REQUETE APPEL
DOCUMENTS PAPS,PROCEDURES,REQUETE FOND
DOCUMENTS PAPS,PROCEDURES,REQUETE REFERE
DOCUMENTS PAPS,PROCEDURES,SIGNIFICATION
DOCUMENTS PAPS,PROCEDURES,TRANSACTION
DOCUMENTS PAPS,RECOURS,COURRIER RECOURS
DOCUMENTS PAPS,RECOURS,DO ACCEPTATION INDEMNITES
DOCUMENTS PAPS,RECOURS,DO COURRIER RECOURS
DOCUMENTS PAPS,RECOURS,DO FACTURE
DOCUMENTS PAPS,RECOURS,DO FICHE PREALABLE
DOCUMENTS PAPS,RECOURS,DO LETTRE CHEQUE
DOCUMENTS PAPS,RECOURS,DO TABLEAU RECOURS
DOCUMENTS PAPS,REGLEMENT,BORDEREAU DE RECETTE
DOCUMENTS PAPS,REGLEMENT,BORDEREAU DE REGLEMENT
DOCUMENTS PAPS,REGLEMENT,COURRIER FRANCHISE
DOCUMENTS PAPS,REGLEMENT,COURRIER REGLEMENT
DOCUMENTS PAPS,REGLEMENT,COURRIER REGLEMENT FRANCHISE
DOCUMENTS PERSONNES,COURRIERS,LETTRE AUTORISATION BANCAIRE
DOCUMENTS PERSONNES,COURRIERS,LETTRE RAPPEL MOT DE PASSE
DOCUMENTS PERSONNES,CR,CR RDV RESEAU DEBOUT
DOCUMENTS PERSONNES,GESTION,AR HONORAIRES
DOCUMENTS PERSONNES,GESTION,COURRIER DIVERS
DOCUMENTS PERSONNES,GESTION,COURRIER HONORAIRES
DOCUMENTS PERSONNES,GESTION,CV
DOCUMENTS PERSONNES,GESTION,IBAN
DOCUMENTS PERSONNES,GESTION,MANDAT DE PRELEVEMENT
DOCUMENTS PERSONNES,GESTION,PLAQUETTE
DOCUMENTS PERSONNES,RDVMAF,ATTESTATIONS
DRO,DECLARATION ACTIVITES,ACTE DE PROCEDURE
DRO,DECLARATION ACTIVITES,ACTE DE PROCEDURES DIVERS
DRO,DECLARATION ACTIVITES,ATTESTATION ASSURANCE AUTRES
DRO,DECLARATION ACTIVITES,ATTESTATION ASSURANCE ENTREPRISE
DRO,DECLARATION ACTIVITES,ATTESTATION ASSURANCE MOE
DRO,DECLARATION ACTIVITES,ATTESTATION ENTREPRISE CHARPENTE
DRO,DECLARATION ACTIVITES,ATTESTATION ENTREPRISE COUVERTURE
DRO,DECLARATION ACTIVITES,ATTESTATION ENTREPRISE ETANCHEITE AIR
DRO,DECLARATION ACTIVITES,ATTESTATION ENTREPRISE GROS OEUVRE
DRO,DECLARATION ACTIVITES,ATTESTATION ENTREPRISE MENUISERIES EXTERIEURES
DRO,DECLARATION ACTIVITES,ATTESTATION REGLEMENTATION THERMIQUE
DRO,DECLARATION ACTIVITES,ATTESTATIONS
DRO,DECLARATION ACTIVITES,AUTRE
DRO,DECLARATION ACTIVITES,COMPTE RENDU DE CHANTIER
DRO,DECLARATION ACTIVITES,CONTRAT
DRO,DECLARATION ACTIVITES,CONTRAT DE MISSION
DRO,DECLARATION ACTIVITES,CONTRAT MOE
DRO,DECLARATION ACTIVITES,CONVOCATION
DRO,DECLARATION ACTIVITES,COURRIER
DRO,DECLARATION ACTIVITES,DECLARATION ACHEVEMENT TRAVAUX
DRO,DECLARATION ACTIVITES,DECOMPTE GENERAL DEFINITIF
DRO,DECLARATION ACTIVITES,ETUDE DE SOL
DRO,DECLARATION ACTIVITES,ETUDE DE STRUCTURE
DRO,DECLARATION ACTIVITES,ETUDE THERMIQUE
DRO,DECLARATION ACTIVITES,ETUDES TECHNIQUES
DRO,DECLARATION ACTIVITES,NOTES HONORAIRES
DRO,DECLARATION ACTIVITES,PJ SITUATION TRAVAUX ENTREPRISE
DRO,DECLARATION ACTIVITES,PROCES VERBAL DE RECEPTION
DRO,DECLARATION ACTIVITES,RECLAMATION
DRO,DECLARATION ACTIVITES,RT 2012 - ATTESTATION PERMIS DE CONSTRUIRE
GRANDS CHANTIERS,CONTRATS,AVENANT CONTRAT
GRANDS CHANTIERS,CONTRATS,CONDITIONS PARTICULIERES
GRANDS CHANTIERS,CONTRATS,CONVENTION SPECIALE
GRANDS CHANTIERS,CONTRATS,LETTRE AVENANT
GRANDS CHANTIERS,GC,ATTESTATION ASSURANCE ENTREPRISE
GRANDS CHANTIERS,GC,ATTESTATION ASSURANCE PARTICIPANTS
GRANDS CHANTIERS,GC,ATTESTATION CCRD
GRANDS CHANTIERS,GC,ATTESTATION NOMINATIVE
GRANDS CHANTIERS,GC,AUTRE
GRANDS CHANTIERS,GC,CONSTRUCTEUR NON REALISATEUR (CNR)
GRANDS CHANTIERS,GC,CONTRAT DE MISSION
GRANDS CHANTIERS,GC,CONTRAT DE MISSION HORS CONTRAT
GRANDS CHANTIERS,GC,COUPE GENERALE
GRANDS CHANTIERS,GC,DECLARATION OUVERTURE CHANTIER
GRANDS CHANTIERS,GC,DECOMPTE GENERAL ET DÉFINITIF DES TRAVAUX (DGD)
GRANDS CHANTIERS,GC,DEVIS SIGNE
GRANDS CHANTIERS,GC,DIVERS HORS CONTRAT
GRANDS CHANTIERS,GC,DOMMAGES OUVRAGE (DO)
GRANDS CHANTIERS,GC,IMPRIME CERFA
GRANDS CHANTIERS,GC,LETTRE DE COMMANDE
GRANDS CHANTIERS,GC,LISTE DES ENTREPRISES
GRANDS CHANTIERS,GC,NOTICE DE PRESENTATION
GRANDS CHANTIERS,GC,ORGANIGRAMME MOE
GRANDS CHANTIERS,GC,PLAN DE MASSE
GRANDS CHANTIERS,GC,PV DE RECEPTION
GRANDS CHANTIERS,GC,RAPPORT ETUDE SOL
GRANDS CHANTIERS,GC,RAPPORT INITIAL CONTROLEUR
GRANDS CHANTIERS,GC,TABLEAU REPARTITION HONORAIRES MOE
GRANDS CHANTIERS,GC,TOUS RISQUES CHANTIER (TRC)
GRANDS CHANTIERS RCT,CONTRATS,CONDITIONS PARTICULIERES
GRANDS CHANTIERS RCT,CONTRATS,CONVENTION SPECIALE
INJONCTION DE PAYER,COMPTA-HONO,DEMANDE DE TITRE EX AU TRIB
INJONCTION DE PAYER,COMPTA-HONO,DEPOT REQ INJ DE PAYER J.PROX TI TC
INJONCTION DE PAYER,COMPTA-HONO,EXECUTION HUISSIER
INJONCTION DE PAYER,COMPTA-HONO,FORMULAIRE D'INJ DE PAYER TC
INJONCTION DE PAYER,COMPTA-HONO,FORMULAIRE D'INJ DE PAYER TI
INJONCTION DE PAYER,COMPTA-HONO,FORMULAIRE INJ DE PAYER J PROX
INJONCTION DE PAYER,COMPTA-HONO,INFO ADH DEPOT REQ INJ DE PAYER
INJONCTION DE PAYER,COMPTA-HONO,INFORMATION ADH DE LA DELIVRANCE DU TITRE EXECUTOIRE
INJONCTION DE PAYER,COMPTA-HONO,SIGN ORD D'INJ DE PAYER ADH
INJONCTION DE PAYER,COMPTA-HONO,SIGN ORD D'INJ DE PAYER HUISSIER
JUGEMENTS ET RECOURS,ACTES,ACCEP APPEL PAR ADH - ADH
JUGEMENTS ET RECOURS,ACTES,ACCEPT JUGEMENT ADH
JUGEMENTS ET RECOURS,ACTES,ACCEPT JUGEMENT AVC
JUGEMENTS ET RECOURS,ACTES,APPEL PAR ADH - AVC
JUGEMENTS ET RECOURS,ACTES,APPEL PAR ADVERSAIRE ADH
MEMO,MEMO,MEMO INTERNE
PIECES,PIECES,AVENANT
PIECES,PIECES,COMPTE RENDU DE CHANTIER
PIECES,PIECES,CONTRAT D'ARCHITECTE
PIECES,PIECES,COURRIER TIERS
PIECES,PIECES,DEVIS
PIECES,PIECES,EXTRAIT K BIS
PIECES,PIECES,HONORAIRE ADHERENT
PIECES,PIECES,MEMO
PIECES,PIECES,PERMIS DE CONSTRUIRE
PIECES,PIECES,PIECES
PIECES,PIECES,PLAN
PIECES,PIECES,PV DE RECEPTION
PIECES DE PROCEDURES,ACTES,ACTES D'HUISSIERS
PIECES DE PROCEDURES,ACTES,ARRET CONSEIL D'ETAT
PIECES DE PROCEDURES,ACTES,ARRET COUR DE CASSATION
PIECES DE PROCEDURES,ACTES,ARRET DE COUR D'APPEL
PIECES DE PROCEDURES,ACTES,ASSIGNATION
PIECES DE PROCEDURES,ACTES,AVIS D'OPPOSITION
PIECES DE PROCEDURES,ACTES,CONCLUSIONS
PIECES DE PROCEDURES,ACTES,DECLARATION D'APPEL
PIECES DE PROCEDURES,ACTES,DECLARATION NON APPEL
PIECES DE PROCEDURES,ACTES,JUGEMENT
PIECES DE PROCEDURES,ACTES,JUGEMENT
PIECES DE PROCEDURES,ACTES,JUGEMENT AVANT DIRE DROIT
PIECES DE PROCEDURES,ACTES,NOTIFICATION DE POURVOI
PIECES DE PROCEDURES,ACTES,ORDONNANCE
PIECES DE PROCEDURES,ACTES,REQUETTE AU FOND
PIECES DE PROCEDURES,ACTES,SIGNIFICATION
PIECES DE PROCEDURES,ACTES,TITRE EXECUTOIRE
PIECES DE PROCEDURES,PROCEDURE-CG,AVIS D'AUDIENCE
PIECES DE PROCEDURES,PROCEDURE-CG,FIXATION D'AUDIENCE
PIECES DE PROCEDURES,PROCEDURE-CG,RAPPORT D'EXPERTISE
RECOUVREMENT D'HONORAIRES,COMPTA-HONO,ABSENCE DE CONTRAT SIGNE LIMITATION DE GARANTIE 83
RECOUVREMENT D'HONORAIRES,COMPTA-HONO,ABSENCE DE CONTRAT SIGNE LIMITATION DE GARANTIE 89
RECOUVREMENT D'HONORAIRES,COMPTA-HONO,ABSENCE DE CONTRAT SIGNE LIMITATION DE GARANTIE 95
RECOUVREMENT D'HONORAIRES,COMPTA-HONO,DEMANDE D'INFORMATIONS COMPLEMENTAIRES 2
RECOUVREMENT D'HONORAIRES,COMPTA-HONO,MISE EN DEMEURE 2
RECOUVREMENT D'HONORAIRES,COMPTA-HONO,MISE EN DEMEURE ADRESSEE À SCI
RECOUVREMENT D'HONORAIRES,COMPTA-HONO,SAISINE DE L'ORDRE
RECOUVREMENT ORDONNANCE DE TAXE,ACTES,DEMANDE D'INFORMATIONS COMPLEMENTAIRES
RECOUVREMENT ORDONNANCE DE TAXE,ACTES,INFORMATION DE L'ADH DE LA SAISINE D'HUISSIER
RECOUVREMENT ORDONNANCE DE TAXE,ACTES,MISE EN DEMEURE
RECOUVREMENT ORDONNANCE DE TAXE,ACTES,SAISINE D'HUISSIER
SUIVI AFFAIRE,ACTES,PROTOCOLE D'ACCORD
SUIVI AFFAIRE,CORRESPONDANCE,AVIS DE RECEPTION
SUIVI AFFAIRE,CORRESPONDANCE,AVIS DU CONSEIL REGIONAL DE L'ORDRE
SUIVI AFFAIRE,CORRESPONDANCE,CERTIFICAT DE DEPOT COURRIER
SUIVI AFFAIRE,CORRESPONDANCE,CERTIFICAT DE DEPOT FAX
SUIVI AFFAIRE,CORRESPONDANCE,CONFIRMATION ENVOI
SUIVI AFFAIRE,CORRESPONDANCE,COURRIER
SUIVI AFFAIRE,CORRESPONDANCE,COURRIER ADHERENT
SUIVI AFFAIRE,CORRESPONDANCE,COURRIER AVOCAT
SUIVI AFFAIRE,CORRESPONDANCE,COURRIER AVOUE
SUIVI AFFAIRE,CORRESPONDANCE,COURRIER EXPERT
SUIVI AFFAIRE,CORRESPONDANCE,COURRIER HUISSIER
SUIVI AFFAIRE,CORRESPONDANCE,COURRIER RETOUR
SUIVI AFFAIRE,CORRESPONDANCE,COURRIER2
SUIVI AFFAIRE,CORRESPONDANCE,DOCUMENT ANNEXE
SUIVI AFFAIRE,CORRESPONDANCE,ENQUETE RISQUE CREDIT
SUIVI AFFAIRE,CORRESPONDANCE,ENQUETE RISQUE CREDIT
SUIVI AFFAIRE,CORRESPONDANCE,PIECE COMPLEMENTAIRE
SUIVI AFFAIRE,CORRESPONDANCE,POUVOIR
SUIVI AFFAIRE,CORRESPONDANCE,PREUVE LR
VERIFICATION - REFUS DE GARANTIE,CONTRATS,DECLARATION TARDIVE 83
VERIFICATION - REFUS DE GARANTIE,CONTRATS,DECLARATION TARDIVE 89
VERIFICATION - REFUS DE GARANTIE,CONTRATS,HORS DOMAINE D'INTERVENTION 83
VERIFICATION - REFUS DE GARANTIE,CONTRATS,HORS DOMAINE D'INTERVENTION 89 95
VERIFICATION - REFUS DE GARANTIE,CONTRATS,INFERIEUR AU SEUIL 83
VERIFICATION - REFUS DE GARANTIE,CONTRATS,PRESCRIPTION BIENNALE 83
VERIFICATION - REFUS DE GARANTIE,CONTRATS,PRESCRIPTION BIENNALE 89 95
VERIFICATION - REFUS DE GARANTIE,CONTRATS,REFUS DIRECTION DES SINISTRES
